,Id,name,address,city,phone,category,source
0,534,arnie morton\s of chicago',435 s. la cienega blv.,los angeles,310/246-1501,american,fodors
1,535,art\s delicatessen',12224 ventura blvd.,studio city,818/762-1221,american,fodors
2,536,hotel bel-air,701 stone canyon rd.,bel air,310/472-1211,californian,fodors
3,537,cafe bizou,14016 ventura blvd.,sherman oaks,818/788-3536,french,fodors
4,538,campanile,624 s. la brea ave.,los angeles,213/938-1447,american,fodors
5,539,chinois on main,2709 main st.,santa monica,310/392-9025,french,fodors
6,540,citrus,6703 melrose ave.,los angeles,213/857-0034,californian,fodors
7,541,fenix,8358 sunset blvd. west,hollywood,213/848-6677,american,fodors
8,542,granita,23725 w. malibu rd.,malibu,310/456-0488,californian,fodors
9,543,grill on the alley,9560 dayton way,los angeles,310/276-0615,american,fodors
10,544,restaurant katsu,1972 n. hillhurst ave.,los angeles,213/665-1891,asian,fodors
11,545,l\orangerie',903 n. la cienega blvd.,los angeles,310/652-9770,french,fodors
12,546,le chardonnay,8284 melrose ave.,los angeles,213/655-8880,french,fodors
13,547,locanda veneta,3rd st.,los angeles,310/274-1893,italian,fodors
14,548,matsuhisa,129 n. la cienega blvd.,beverly hills,310/659-9639,asian,fodors
15,549,the palm,9001 santa monica blvd.,los angeles,310/550-8811,american,fodors
16,550,patina,5955 melrose ave.,los angeles,213/467-1108,californian,fodors
17,551,philippe\s the original',1001 n. alameda st.,los angeles,213/628-3781,american,fodors
18,552,pinot bistro,12969 ventura blvd.,los angeles,818/990-0500,french,fodors
19,553,rex il ristorante,617 s. olive st.,los angeles,213/627-2300,italian,fodors
20,554,spago,1114 horn ave.,los angeles,310/652-4025,californian,fodors
21,555,valentino,3115 pico blvd.,santa monica,310/829-4313,italian,fodors
22,556,yujean kang\s gourmet chinese cuisine',67 n. raymond ave.,los angeles,818/585-0855,asian,fodors
23,557,21 club,21 w. 52nd st.,new york,212/582-7200,american,fodors
24,558,aquavit,13 w. 54th st.,new york,212/307-7311,continental,fodors
25,559,aureole,34 e. 61st st.,new york,212/ 319-1660,american,fodors
26,560,cafe lalo,201 w. 83rd st.,new york,212/496-6031,coffee bar,fodors
27,561,cafe des artistes,1 w. 67th st.,new york,212/877-3500,continental,fodors
28,562,carmine\s',2450 broadway  between 90th and 91st sts.,new york,212/362-2200,italian,fodors
29,563,carnegie deli,854 7th ave.  between 54th and 55th sts.,new york,212/757-2245,delicatessen,fodors
30,564,chanterelle,2 harrison st.  near hudson st.,new york,212/966-6960,american,fodors
31,565,daniel,20 e. 76th st.,new york,212/288-0033,french,fodors
32,566,dawat,210 e. 58th st.,new york,212/355-7555,asian,fodors
33,567,felidia,243 e. 58th st.,new york,212/758-1479,italian,fodors
34,568,four seasons grill room,99 e. 52nd st.,new york,212/754-9494,american,fodors
35,569,gotham bar & grill,12 e. 12th st.,new york,212/620-4020,american,fodors
36,570,gramercy tavern,42 e. 20th st.  between park ave. s and broadway,new york,212/477-0777,american,fodors
37,571,island spice,402 w. 44th st.,new york,212/765-1737,tel caribbean,fodors
38,572,jo jo,160 e. 64th st.,new york,212/223-5656,american,fodors
39,573,la caravelle,33 w. 55th st.,new york,212/586-4252,french,fodors
40,574,la cote basque,60 w. 55th st.  between 5th and 6th ave.,new york,212/688-6525,french,fodors
41,575,le bernardin,155 w. 51st st.,new york,212/489-1515,french,fodors
42,576,les celebrites,160 central park s,new york,212/484-5113,french,fodors
43,577,lespinasse,2 e. 55th st.,new york,212/339-6719,american,fodors
44,578,lutece,249 e. 50th st.,new york,212/752-2225,french,fodors
45,579,manhattan ocean club,57 w. 58th st.,new york,212/ 371-7777,seafood,fodors
46,580,march,405 e. 58th st.,new york,212/754-6272,american,fodors
47,581,mesa grill,102 5th ave.  between 15th and 16th sts.,new york,212/807-7400,american,fodors
48,582,mi cocina,57 jane st.  off hudson st.,new york,212/627-8273,mexican,fodors
49,583,montrachet,239 w. broadway  between walker and white sts.,new york,212/ 219-2777,french,fodors
50,584,oceana,55 e. 54th st.,new york,212/759-5941,seafood,fodors
51,585,park avenue cafe,100 e. 63rd st.,new york,212/644-1900,american,fodors
52,586,petrossian,182 w. 58th st.,new york,212/245-2214,french,fodors
53,587,picholine,35 w. 64th st.,new york,212/724-8585,mediterranean,fodors
54,588,pisces,95 ave. a at 6th st.,new york,212/260-6660,seafood,fodors
55,589,rainbow room,30 rockefeller plaza,new york,212/632-5000,or 212/632-5100 american,fodors
56,590,river cafe,1 water st. at the east river,brooklyn,718/522-5200,american,fodors
57,591,san domenico,240 central park s,new york,212/265-5959,italian,fodors
58,592,second avenue deli,156 2nd ave. at 10th st.,new york,212/677-0606,delicatessen,fodors
59,593,seryna,11 e. 53rd st.,new york,212/980-9393,asian,fodors
60,594,shun lee west,43 w. 65th st.,new york,212/371-8844,asian,fodors
61,595,sign of the dove,1110 3rd ave. at 65th st.,new york,212/861-8080,american,fodors
62,596,smith & wollensky,201 e. 49th st.,new york,212/753-1530,american,fodors
63,597,tavern on the green,in central park at 67th st.,new york,212/873-3200,american,fodors
64,598,uncle nick\s',747 9th ave.  between 50th and 51st sts.,new york,212/315-1726,mediterranean,fodors
65,599,union square cafe,21 e. 16th st.,new york,212/243-4020,american,fodors
66,600,virgil\s',152 w. 44th st.,new york,212/ 921-9494,american,fodors
67,601,chin\s',3200 las vegas blvd. s,las vegas,702/733-8899,asian,fodors
68,602,coyote cafe,3799 las vegas blvd. s,las vegas,702/891-7349,southwestern,fodors
69,603,le montrachet,3000 w. paradise rd.,las vegas,702/732-5111,continental,fodors
70,604,palace court,3570 las vegas blvd. s,las vegas,702/731-7547,continental,fodors
71,605,second street grille,200 e. fremont st.,las vegas,702/385-3232,seafood,fodors
72,606,steak house,2880 las vegas blvd. s,las vegas,702/734-0410,steak houses,fodors
73,607,tillerman,2245 e. flamingo rd.,las vegas,702/731-4036,seafood,fodors
74,608,abruzzi,2355 peachtree rd.  peachtree battle shopping center,atlanta,404/261-8186,italian,fodors
75,609,bacchanalia,3125 piedmont rd.  near peachtree rd.,atlanta,404/365-0410,international,fodors
76,610,bone\s',3130 piedmont road,atlanta,404/237-2663,american,fodors
77,611,brasserie le coze,3393 peachtree rd.  lenox square mall  near neiman marcus,atlanta,404/266-1440,french,fodors
78,612,buckhead diner,3073 piedmont road,atlanta,404/262-3336,american,fodors
79,613,ciboulette,1529 piedmont ave.,atlanta,404/874-7600,french,fodors
80,614,delectables,1 margaret mitchell sq.,atlanta,404/681-2909,american,fodors
81,615,georgia grille,2290 peachtree rd.  peachtree square shopping center,atlanta,404/352-3517,american,fodors
82,616,hedgerose heights inn,490 e. paces ferry rd.,atlanta,404/233-7673,international,fodors
83,617,heera of india,595 piedmont ave.  rio shopping mall,atlanta,404/876-4408,asian,fodors
84,618,indigo coastal grill,1397 n. highland ave.,atlanta,404/876-0676,caribbean,fodors
85,619,la grotta,2637 peachtree rd.  peachtree house condominium,atlanta,404/231-1368,italian,fodors
86,620,mary mac\s tea room',224 ponce de leon ave.,atlanta,404/876-1800,southern,fodors
87,621,nikolai\s roof',255 courtland st.  at harris st.,atlanta,404/221-6362,continental,fodors
88,622,pano\s and paul\'s',1232 w. paces ferry rd.,atlanta,404/261-3662,international,fodors
89,623,cafe  ritz-carlton  buckhead,3434 peachtree rd.,atlanta,404/237-2700,ext 6108 international,fodors
90,624,dining room  ritz-carlton  buckhead,3434 peachtree rd.,atlanta,404/237-2700,international,fodors
91,625,restaurant  ritz-carlton  atlanta,181 peachtree st.,atlanta,404/659-0400,continental,fodors
92,626,toulouse,b peachtree rd.,atlanta,404/351-9533,french,fodors
93,627,veni vidi vici,41 14th st.,atlanta,404/875-8424,italian,fodors
94,628,alain rondelli,126 clement st.,san francisco,415/387-0408,french,fodors
95,629,aqua,252 california st.,san francisco,415/956-9662,seafood,fodors
96,630,boulevard,1 mission st.,san francisco,415/543-6084,american,fodors
97,631,cafe claude,7 claude la.,san francisco,415/392-3505,french,fodors
98,632,campton place,340 stockton st.,san francisco,415/955-5555,american,fodors
99,633,chez michel,804 northpoint,san francisco,415/775-7036,french,fodors
100,634,fleur de lys,777 sutter st.,san francisco,415/673-7779,french,fodors
101,635,fringale,570 4th st.,san francisco,415/543-0573,french,fodors
102,636,hawthorne lane,22 hawthorne st.,san francisco,415/777-9779,american,fodors
103,637,khan toke thai house,5937 geary blvd.,san francisco,415/668-6654,asian,fodors
104,638,la folie,2316 polk st.,san francisco,415/776-5577,french,fodors
105,639,lulu,816 folsom st.,san francisco,415/495-5775,mediterranean,fodors
106,640,masa\s',648 bush st.,san francisco,415/989-7154,french,fodors
107,641,mifune japan center  kintetsu building,1737 post st.,san francisco,415/922-0337,asian,fodors
108,642,plumpjack cafe,3201 fillmore st.,san francisco,415/563-4755,mediterranean,fodors
109,643,postrio,545 post st.,san francisco,415/776-7825,american,fodors
110,644,ritz-carlton restaurant and dining room,600 stockton st.,san francisco,415/296-7465,american,fodors
111,645,rose pistola,532 columbus ave.,san francisco,415/399-0499,italian,fodors
112,646,bolo,23 e. 22nd st.,new york,212/228-2200,mediterranean,fodors
113,647,il nido,251 e. 53rd st.,new york,212/753-8450,italian,fodors
114,648,remi,145 w. 53rd st.,new york,212/581-4242,italian,fodors
115,649,adriano\s ristorante',2930 beverly glen circle,los angeles,310/475-9807,italian,fodors
116,650,barney greengrass,9570 wilshire blvd.,beverly hills,310/777-5877,american,fodors
117,651,beaurivage,26025 pacific coast hwy.,malibu,310/456-5733,french,fodors
118,652,bistro garden,176 n. canon dr.,los angeles,310/550-3900,californian,fodors
119,653,border grill,4th st.,los angeles,310/451-1655,mexican,fodors
120,654,broadway deli,3rd st. promenade,santa monica,310/451-0616,american,fodors
121,655,ca\brea',346 s. la brea ave.,los angeles,213/938-2863,italian,fodors
122,656,ca\del sol',4100 cahuenga blvd.,los angeles,818/985-4669,italian,fodors
123,657,cafe pinot,700 w. fifth st.,los angeles,213/239-6500,californian,fodors
124,658,california pizza kitchen,207 s. beverly dr.,los angeles,310/275-1101,californian,fodors
125,659,canter\s',419 n. fairfax ave.,los angeles,213/651-2030.,american,fodors
126,660,cava,3rd st.,los angeles,213/658-8898,mediterranean,fodors
127,661,cha cha cha,656 n. virgil ave.,los angeles,213/664-7723,caribbean,fodors
128,662,chan dara,310 n. larchmont blvd.,los angeles,213/467-1052,asian,fodors
129,663,clearwater cafe,168 w. colorado blvd.,los angeles,818/356-0959,health food,fodors
130,664,dining room,9500 wilshire blvd.,los angeles,310/275-5200,californian,fodors
131,665,dive!,10250 santa monica blvd.,los angeles,310/788-,dive american,fodors
132,666,drago,2628 wilshire blvd.,santa monica,310/828-1585,italian,fodors
133,667,drai\s',730 n. la cienega blvd.,los angeles,310/358-8585,french,fodors
134,668,dynasty room,930 hilgard ave.,los angeles,310/208-8765,continental,fodors
135,669,eclipse,8800 melrose ave.,los angeles,310/724-5959,californian,fodors
136,670,ed debevic\s',134 n. la cienega,los angeles,310/659-1952,american,fodors
137,671,el cholo,1121 s. western ave.,los angeles,213/734-2773,mexican,fodors
138,672,gilliland\s',2424 main st.,santa monica,310/392-3901,american,fodors
139,673,gladstone\s',4 fish 17300 pacific coast hwy. at sunset blvd.,pacific palisades,310/454-3474,american,fodors
140,674,hard rock cafe,8600 beverly blvd.,los angeles,310/276-7605,american,fodors
141,675,harry\s bar & american grill',2020 ave. of the stars,los angeles,310/277-2333,italian,fodors
142,676,il fornaio cucina italiana,301 n. beverly dr.,los angeles,310/550-8330,italian,fodors
143,677,jack sprat\s grill',10668 w. pico blvd.,los angeles,310/837-6662,health food,fodors
144,678,jackson\s farm',439 n. beverly drive,los angeles,310/273-5578,californian,fodors
145,679,jimmy\s',201 moreno dr.,los angeles,310/552-2394,continental,fodors
146,680,joss,9255 sunset blvd.,los angeles,310/276-1886,asian,fodors
147,681,le colonial,8783 beverly blvd.,los angeles,310/289-0660,asian,fodors
148,682,le dome,8720 sunset blvd.,los angeles,310/659-6919,french,fodors
149,683,louise\s trattoria',4500 los feliz blvd.,los angeles,213/667-0777,italian,fodors
150,684,mon kee seafood restaurant,679 n. spring st.,los angeles,213/628-6717,asian,fodors
151,685,morton\s',8764 melrose ave.,los angeles,310/276-5205,american,fodors
152,686,nate \n\' al\'s',414 n. beverly dr.,los angeles,310/274-0101,american,fodors
153,687,nicola,601 s. figueroa st.,los angeles,213/485-0927,american,fodors
154,688,ocean avenue,1401 ocean ave.,santa monica,310/394-5669,american,fodors
155,689,orleans,11705 national blvd.,los angeles,310/479-4187,cajun,fodors
156,690,pacific dining car,6th st.,los angeles,213/483-6000,american,fodors
157,691,paty\s',10001 riverside dr.,toluca lake,818/761-9126,american,fodors
158,692,pinot hollywood,1448 n. gower st.,los angeles,213/461-8800,californian,fodors
159,693,posto,14928 ventura blvd.,sherman oaks,818/784-4400,italian,fodors
160,694,prego,362 n. camden dr.,los angeles,310/277-7346,italian,fodors
161,695,rj\s the rib joint',252 n. beverly dr.,los angeles,310/274-7427,american,fodors
162,696,remi,3rd st. promenade,santa monica,310/393-6545,italian,fodors
163,697,restaurant horikawa,111 s. san pedro st.,los angeles,213/680-9355,asian,fodors
164,698,roscoe\s house of chicken \'n\' waffles',1514 n. gower st.,los angeles,213/466-9329,american,fodors
165,699,schatzi on main,3110 main st.,los angeles,310/399-4800,continental,fodors
166,700,sofi,3rd st.,los angeles,213/651-0346,mediterranean,fodors
167,701,swingers,8020 beverly blvd.,los angeles,213/653-5858,american,fodors
168,702,tavola calda,7371 melrose ave.,los angeles,213/658-6340,italian,fodors
169,703,the mandarin,430 n. camden dr.,los angeles,310/859-0926,asian,fodors
170,704,tommy tang\s',7313 melrose ave.,los angeles,213/937-5733,asian,fodors
171,705,tra di noi,3835 cross creek rd.,los angeles,310/456-0169,italian,fodors
172,706,trader vic\s',9876 wilshire blvd.,los angeles,310/276-6345,asian,fodors
173,707,vida,1930 north hillhurst ave.,los feliz,213/660-4446,american,fodors
174,708,west beach cafe,60 n. venice blvd.,los angeles,310/823-5396,american,fodors
175,709,20 mott,20 mott st.  between bowery and pell st.,new york,212/964-0380,asian,fodors
176,710,9 jones street,9 jones st.,new york,212/989-1220,american,fodors
177,711,adrienne,700 5th ave. at 55th st.,new york,212/903-3918,french,fodors
178,712,agrotikon,322 e. 14 st.  between 1st and 2nd aves.,new york,212/473-2602,mediterranean,fodors
179,713,aja,937 broadway at 22nd st.,new york,212/473-8388,american,fodors
180,714,alamo,304 e. 48th st.,new york,212/ 759-0590,mexican,fodors
181,715,alley\s end',311 w. 17th st.,new york,212/627-8899,american,fodors
182,716,ambassador grill,1 united nations plaza at 44th st.,new york,212/702-5014,american,fodors
183,717,american place,2 park ave. at 32nd st.,new york,212/684-2122,american,fodors
184,718,anche vivolo,222 e. 58th st.  between 2nd and 3rd aves.,new york,212/308-0112,italian,fodors
185,719,arizona,206 206 e. 60th st.,new york,212/838-0440,american,fodors
186,720,arturo\s',106 w. houston st.  off thompson st.,new york,212/677-3820,italian,fodors
187,721,au mandarin,200-250 vesey st. world financial center,new york,212/385-0313,asian,fodors
188,722,bar anise,1022 3rd ave.  between 60th and 61st sts.,new york,212/355-1112,mediterranean,fodors
189,723,barbetta,321 w. 46th st.,new york,212/246-9171,italian,fodors
190,724,ben benson\s',123 w. 52nd st.,new york,212/581-8888,american,fodors
191,725,big cup,228 8th ave.  between 21st and 22nd sts.,new york,212/206-0059,coffee bar,fodors
192,726,billy\s',948 1st ave.  between 52nd and 53rd sts.,new york,212/753-1870,american,fodors
193,727,boca chica,13 1st ave.  near 1st st.,new york,212/473-0108,latin american,fodors
194,728,boonthai,1393a 2nd ave.  between 72nd and 73rd sts.,new york,212/249-8484,asian,fodors
195,729,bouterin,420 e. 59th st.  off 1st ave.,new york,212/758-0323,french,fodors
196,730,brothers bar-b-q,225 varick st. at clarkston st.,new york,212/727-2775,american,fodors
197,731,bruno,240 e. 58th st.,new york,212/688-4190,italian,fodors
198,732,bryant park grill  roof restaurant and bp cafe,25 w. 40th st.  between 5th and 6th aves.,new york,212/840-6500,american,fodors
199,733,c3,103 waverly pl.  near washington sq.,new york,212/254-1200,american,fodors
200,734,ct,111 e. 22nd st.  between park ave. s and lexington ave.,new york,212/995-8500,french,fodors
201,735,cafe bianco,1486 2nd ave.  between 77th and 78th sts.,new york,212/988-2655,coffee bar,fodors
202,736,cafe botanica,160 central park s,new york,212/484-5120,french,fodors
203,737,cafe la fortuna,69 w. 71st st.,new york,212/724-5846,coffee bar,fodors
204,738,cafe luxembourg,200 w. 70th st.,new york,212/873-7411,french,fodors
205,739,cafe pierre,2 e. 61st st.,new york,212/940-8185,french,fodors
206,740,cafe centro,200 park ave.  between 45th st. and vanderbilt ave.,new york,212/818-1222,french,fodors
207,741,cafe fes,246 w. 4th st. at charles st.,new york,212/924-7653,mediterranean,fodors
208,742,caffe dante,81 macdougal st.  between houston and bleeker sts.,new york,212/982-5275,coffee bar,fodors
209,743,caffe dell\artista',46 greenwich ave.,new york,212/645-4431,coffee bar,fodors
210,744,caffe lure,169 sullivan st.  between houston and bleecker sts.,new york,212/473-2642,french,fodors
211,745,caffe reggio,119 macdougal st.  between 3rd and bleecker sts.,new york,212/475-9557,coffee bar,fodors
212,746,caffe roma,385 broome st. at mulberry,new york,212/226-8413,coffee bar,fodors
213,747,caffe vivaldi,32 jones st. at bleecker st.,new york,212/691-7538,coffee bar,fodors
214,748,caffe bondi ristorante,7 w. 20th st.,new york,212/691-8136,italian,fodors
215,749,capsouto freres,451 washington st.  near watts st.,new york,212/966-4900,french,fodors
216,750,captain\s table',860 2nd ave. at 46th st.,new york,212/697-9538,seafood,fodors
217,751,casa la femme,150 wooster st.  between houston and prince sts.,new york,212/505-0005,middle eastern,fodors
218,752,cendrillon asian grill & marimba bar,45 mercer st.  between broome and grand sts.,new york,212/343-9012,asian,fodors
219,753,chez jacqueline,72 macdougal st.  between w. houston and bleecker sts.,new york,212/505-0727,french,fodors
220,754,chiam,160 e. 48th st.,new york,212/371-2323,asian,fodors
221,755,china grill,60 w. 53rd st.,new york,212/333-7788,american,fodors
222,756,cite,120 w. 51st st.,new york,212/956-7100,french,fodors
223,757,coco pazzo,23 e. 74th st.,new york,212/794-0205,italian,fodors
224,758,columbus bakery,53rd sts.,new york,212/421-0334,coffee bar,fodors
225,759,corrado cafe,1013 3rd ave.  between 60th and 61st sts.,new york,212/753-5100,coffee bar,fodors
226,760,cupcake cafe,522 9th ave. at 39th st.,new york,212/465-1530,coffee bar,fodors
227,761,da nico,164 mulberry st.  between grand and broome sts.,new york,212/343-1212,italian,fodors
228,762,dean & deluca,121 prince st.,new york,212/254-8776,coffee bar,fodors
229,763,diva,341 w. broadway  near grand st.,new york,212/941-9024,italian,fodors
230,764,dix et sept,181 w. 10th st.,new york,212/645-8023,french,fodors
231,765,docks,633 3rd ave. at 40th st.,new york,212/ 986-8080,seafood,fodors
232,766,duane park cafe,157 duane st.  between w. broadway and hudson st.,new york,212/732-5555,american,fodors
233,767,el teddy\s',219 w. broadway  between franklin and white sts.,new york,212/941-7070,mexican,fodors
234,768,emily\s',1325 5th ave. at 111th st.,new york,212/996-1212,american,fodors
235,769,empire korea,6 e. 32nd st.,new york,212/725-1333,asian,fodors
236,770,ernie\s',2150 broadway  between 75th and 76th sts.,new york,212/496-1588,american,fodors
237,771,evergreen cafe,1288 1st ave. at 69th st.,new york,212/744-3266,asian,fodors
238,772,f. ille ponte ristorante,39 desbrosses st.  near west st.,new york,212/226-4621,italian,fodors
239,773,felix,340 w. broadway at grand st.,new york,212/431-0021,french,fodors
240,774,ferrier,29 e. 65th st.,new york,212/772-9000,french,fodors
241,775,fifty seven fifty seven,57 e. 57th st.,new york,212/758-5757,american,fodors
242,776,film center cafe,635 9th ave.  between 44th and 45th sts.,new york,212/ 262-2525,american,fodors
243,777,fiorello\s roman cafe',1900 broadway  between 63rd and 64th sts.,new york,212/595-5330,italian,fodors
244,778,firehouse,522 columbus ave.  between 85th and 86th sts.,new york,212/595-3139,american,fodors
245,779,first,87 1st ave.  between 5th and 6th sts.,new york,212/674-3823,american,fodors
246,780,fishin eddie,73 w. 71st st.,new york,212/874-3474,seafood,fodors
247,781,fleur de jour,348 e. 62nd st.,new york,212/355-2020,coffee bar,fodors
248,782,flowers,21 west 17th st.  between 5th and 6th aves.,new york,212/691-8888,american,fodors
249,783,follonico,6 w. 24th st.,new york,212/691-6359,italian,fodors
250,784,fraunces tavern,54 pearl st. at broad st.,new york,212/269-0144,american,fodors
251,785,french roast,458 6th ave. at 11th st.,new york,212/533-2233,french,fodors
252,786,french roast cafe,2340 broadway at 85th st.,new york,212/799-1533,coffee bar,fodors
253,787,frico bar,402 w. 43rd st.  off 9th ave.,new york,212/564-7272,italian,fodors
254,788,fujiyama mama,467 columbus ave.  between 82nd and 83rd sts.,new york,212/769-1144,asian,fodors
255,789,gabriela\s',685 amsterdam ave. at 93rd st.,new york,212/961-0574,mexican,fodors
256,790,gallagher\s',228 w. 52nd st.,new york,212/245-5336,american,fodors
257,791,gianni\s',15 fulton st.,new york,212/608-7300,seafood,fodors
258,792,girafe,208 e. 58th st.  between 2nd and 3rd aves.,new york,212/752-3054,italian,fodors
259,793,global,33 93 2nd ave.  between 5th and 6th sts.,new york,212/477-8427,american,fodors
260,794,golden unicorn,18 e. broadway at catherine st.,new york,212/ 941-0911,asian,fodors
261,795,grand ticino,228 thompson st.  between w. 3rd and bleecker sts.,new york,212/777-5922,italian,fodors
262,796,halcyon,151 w. 54th st.  in the rihga royal hotel,new york,212/468-8888,american,fodors
263,797,hard rock cafe,221 w. 57th st.,new york,212/489-6565,american,fodors
264,798,hi-life restaurant and lounge,1340 1st ave. at 72nd st.,new york,212/249-3600,american,fodors
265,799,home,20 cornelia st.  between bleecker and w. 4th st.,new york,212/243-9579,american,fodors
266,800,hudson river club,4 world financial center,new york,212/786-1500,american,fodors
267,801,i trulli,122 e. 27th st.  between lexington and park aves.,new york,212/481-7372,italian,fodors
268,802,il cortile,125 mulberry st.  between canal and hester sts.,new york,212/226-6060,italian,fodors
269,803,inca grill,492 broome st.  near w. broadway,new york,212/966-3371,latin american,fodors
270,804,indochine,430 lafayette st.  between 4th st. and astor pl.,new york,212/505-5111,asian,fodors
271,805,internet cafe,82 e. 3rd st.  between 1st and 2nd aves.,new york,212/ 614-0747,coffee bar,fodors
272,806,ipanema,13 w. 46th st.,new york,212/730-5848,latin american,fodors
273,807,jean lafitte,68 w. 58th st.,new york,212/751-2323,french,fodors
274,808,jewel of india,15 w. 44th st.,new york,212/869-5544,asian,fodors
275,809,jimmy sung\s',219 e. 44th st.  between 2nd and 3rd aves.,new york,212/682-5678,asian,fodors
276,810,joe allen,326 w. 46th st.,new york,212/581-6464,american,fodors
277,811,judson grill,152 w. 52nd st.,new york,212/582-5252,american,fodors
278,812,l\absinthe',227 e. 67th st.,new york,212/794-4950,french,fodors
279,813,l\auberge',1191 1st ave.  between 64th and 65th sts.,new york,212/288-8791,middle eastern,fodors
280,814,l\auberge du midi',310 w. 4th st.  between w. 12th and bank sts.,new york,212/242-4705,french,fodors
281,815,l\udo',432 lafayette st.  near astor pl.,new york,212/388-0978,french,fodors
282,816,la reserve,4 w. 49th st.,new york,212/247-2993,french,fodors
283,817,lanza restaurant,168 1st ave.  between 10th and 11th sts.,new york,212/674-7014,italian,fodors
284,818,lattanzi ristorante,361 w. 46th st.,new york,212/315-0980,italian,fodors
285,819,layla,211 w. broadway at franklin st.,new york,212/431-0700,middle eastern,fodors
286,820,le chantilly,106 e. 57th st.,new york,212/751-2931,french,fodors
287,821,le colonial,149 e. 57th st.,new york,212/ 752-0808,asian,fodors
288,822,le gamin,50 macdougal st.  between houston and prince sts.,new york,212/254-4678,coffee bar,fodors
289,823,le jardin,25 cleveland pl.  near spring st.,new york,212/343-9599,french,fodors
290,824,le madri,168 w. 18th st.,new york,212/727-8022,italian,fodors
291,825,le marais,150 w. 46th st.,new york,212/869-0900,american,fodors
292,826,le perigord,405 e. 52nd st.,new york,212/755-6244,french,fodors
293,827,le select,507 columbus ave.  between 84th and 85th sts.,new york,212/875-1993,american,fodors
294,828,les halles,411 park ave. s  between 28th and 29th sts.,new york,212/679-4111,french,fodors
295,829,lincoln tavern,51 w. 64th st.,new york,212/721-8271,american,fodors
296,830,lola,30 west 22nd st.  between 5th and 6th ave.,new york,212/675-6700,american,fodors
297,831,lucky strike,59 grand st.  between wooster st. and w. broadway,new york,212/941-0479,or 212/941-0772 american,fodors
298,832,mad fish,2182 broadway  between 77th and 78th sts.,new york,212/787-0202,seafood,fodors
299,833,main street,446 columbus ave.  between 81st and 82nd sts.,new york,212/873-5025,american,fodors
300,834,mangia e bevi,800 9th ave. at 53rd st.,new york,212/956-3976,italian,fodors
301,835,manhattan cafe,1161 1st ave.  between 63rd and 64th sts.,new york,212/888-6556,american,fodors
302,836,manila garden,325 e. 14th st.  between 1st and 2nd aves.,new york,212/777-6314,asian,fodors
303,837,marichu,342 e. 46th st.  between 1st and 2nd aves.,new york,212/370-1866,french,fodors
304,838,marquet patisserie,15 e. 12th st.  between 5th ave. and university pl.,new york,212/229-9313,coffee bar,fodors
305,839,match,160 mercer st.  between houston and prince sts.,new york,212/906-9173,american,fodors
306,840,matthew\s',1030 3rd ave. at 61st st.,new york,212/838-4343,american,fodors
307,841,mavalli palace,46 e. 29th st.,new york,212/679-5535,asian,fodors
308,842,milan cafe and coffee bar,120 w. 23rd st.,new york,212/807-1801,coffee bar,fodors
309,843,monkey bar,60 e. 54th st.,new york,212/838-2600,american,fodors
310,844,montien,1134 1st ave.   between 62nd and 63rd sts.,new york,212/421-4433,asian,fodors
311,845,morton\s',551 5th ave. at 45th st.,new york,212/972-3315,american,fodors
312,846,motown cafe,104 w. 57th st.  near 6th ave.,new york,212/581-8030,american,fodors
313,847,new york kom tang soot bul house,32 w. 32nd st.,new york,212/ 947-8482,asian,fodors
314,848,new york noodletown,28 1/2 bowery at bayard st.,new york,212/349-0923,asian,fodors
315,849,newsbar,2 w. 19th st.,new york,212/255-3996,coffee bar,fodors
316,850,odeon,145 w. broadway at thomas st.,new york,212/233-0507,american,fodors
317,851,orso,322 w. 46th st.,new york,212/489-7212,italian,fodors
318,852,osteria al droge,142 w. 44th st.,new york,212/944-3643,italian,fodors
319,853,otabe,68 e. 56th st.,new york,212/223-7575,asian,fodors
320,854,pacifica,138 lafayette st.  between canal and howard sts.,new york,212/941-4168,asian,fodors
321,855,palio,151 w. 51st. st.,new york,212/245-4850,italian,fodors
322,856,pamir,1065 1st ave.  at 58th st.,new york,212/644-9258,middle eastern,fodors
323,857,parioli romanissimo,24 e. 81st st.,new york,212/288-2391,italian,fodors
324,858,patria,250 park ave. s at 20th st.,new york,212/777-6211,latin american,fodors
325,859,peacock alley,301 park ave.  between 49th and 50th sts.,new york,212/872-4895,french,fodors
326,860,pen & pencil,205 e. 45th st.,new york,212/682-8660,american,fodors
327,861,penang soho,109 spring st.  between greene and mercer sts.,new york,212/274-8883,asian,fodors
328,862,persepolis,1423 2nd ave.  between 74th and 75th sts.,new york,212/535-1100,middle eastern,fodors
329,863,planet hollywood,140 w. 57th st.,new york,212/333-7827,american,fodors
330,864,pomaire,371 w. 46th st.  off 9th ave.,new york,212/ 956-3055,latin american,fodors
331,865,popover cafe,551 amsterdam ave.  between 86th and 87th sts.,new york,212/595-8555,american,fodors
332,866,post house,28 e. 63rd st.,new york,212/935-2888,american,fodors
333,867,rain,100 w. 82nd st.,new york,212/501-0776,asian,fodors
334,868,red tulip,439 e. 75th st.,new york,212/734-4893,eastern european,fodors
335,869,republic,37a union sq. w  between 16th and 17th sts.,new york,212/627-7172,asian,fodors
336,870,roettelle a. g,126 e. 7th st.  between 1st ave. and ave. a,new york,212/674-4140,continental,fodors
337,871,rosa mexicano,1063 1st ave. at 58th st.,new york,212/753-7407,mexican,fodors
338,872,ruth\s chris',148 w. 51st st.,new york,212/245-9600,american,fodors
339,873,s.p.q.r,133 mulberry st.  between hester and grand sts.,new york,212/925-3120,italian,fodors
340,874,sal anthony\s',55 irving pl.,new york,212/982-9030,italian,fodors
341,875,sammy\s roumanian steak house',157 chrystie st. at delancey st.,new york,212/673-0330,east european,fodors
342,876,san pietro,18 e. 54th st.,new york,212/753-9015,italian,fodors
343,877,sant ambroeus,1000 madison ave.  between 77th and 78th sts.,new york,212/570-2211,coffee bar,fodors
344,878,sarabeth\s kitchen',423 amsterdam ave.  between 80th and 81st sts.,new york,212/496-6280,american,fodors
345,879,sea grill,19 w. 49th st.,new york,212/332-7610,seafood,fodors
346,880,serendipity,3 225 e. 60th st.,new york,212/838-3531,american,fodors
347,881,seventh regiment mess and bar,643 park ave. at 66th st.,new york,212/744-4107,american,fodors
348,882,sfuzzi,58 w. 65th st.,new york,212/873-3700,american,fodors
349,883,shaan,57 w. 48th st.,new york,212/ 977-8400,asian,fodors
350,884,sofia fabulous pizza,1022 madison ave.  near 79th st.,new york,212/734-2676,italian,fodors
351,885,spring street natural restaurant & bar,62 spring st. at lafayette st.,new york,212/966-0290,american,fodors
352,886,stage deli,834 7th ave.  between 53rd and 54th sts.,new york,212/245-7850,delicatessen,fodors
353,887,stingray,428 amsterdam ave.  between 80th and 81st sts.,new york,212/501-7515,seafood,fodors
354,888,sweet\n\'tart cafe',76 mott st. at canal st.,new york,212/334-8088,asian,fodors
355,889,t salon,143 mercer st. at prince st.,new york,212/925-3700,coffee bar,fodors
356,890,tang pavillion,65 w. 55th st.,new york,212/956-6888,asian,fodors
357,891,tapika,950 8th ave. at 56th st.,new york,212/ 397-3737,american,fodors
358,892,teresa\s',103 1st ave.  between 6th and 7th sts.,new york,212/228-0604,east european,fodors
359,893,terrace,400 w. 119th st.  between amsterdam and morningside aves.,new york,212/666-9490,continental,fodors
360,894,the coffee pot,350 9th ave. at 49th st.,new york,212/265-3566,coffee bar,fodors
361,895,the savannah club,2420 broadway at 89th st.,new york,212/496-1066,american,fodors
362,896,trattoria dell\arte',900 7th ave.  between 56th and 57th sts.,new york,212/245-9800,italian,fodors
363,897,triangolo,345 e. 83rd st.,new york,212/472-4488,italian,fodors
364,898,tribeca grill,375 greenwich st.  near franklin st.,new york,212/941-3900,american,fodors
365,899,trois jean,154 e. 79th st.  between lexington and 3rd aves.,new york,212/988-4858,coffee bar,fodors
366,900,tse yang,34 e. 51st st.,new york,212/688-5447,asian,fodors
367,901,turkish kitchen,386 3rd ave.  between 27th and 28th sts.,new york,212/679-1810,middle eastern,fodors
368,902,two two two,222 w. 79th st.,new york,212/799-0400,american,fodors
369,903,veniero\s pasticceria',342 e. 11th st.  near 1st ave.,new york,212/674-7264,coffee bar,fodors
370,904,verbena,54 irving pl. at 17th st.,new york,212/260-5454,american,fodors
371,905,victor\s cafe',52 236 w. 52nd st.,new york,212/586-7714,latin american,fodors
372,906,vince & eddie\s',70 w. 68th st.,new york,212/721-0068,american,fodors
373,907,vong,200 e. 54th st.,new york,212/486-9592,american,fodors
374,908,water club,500 e. 30th st.,new york,212/683-3333,american,fodors
375,909,west,63rd street steakhouse 44 w. 63rd st.,new york,212/246-6363,american,fodors
376,910,xunta,174 1st ave.  between 10th and 11th sts.,new york,212/614-0620,mediterranean,fodors
377,911,zen palate,34 union sq. e at 16th st.,new york,212/614-9291,and 212/614-9345 asian,fodors
378,912,zoe,90 prince st.  between broadway and mercer st.,new york,212/966-6722,american,fodors
379,913,abbey,163 ponce de leon ave.,atlanta,404/876-8532,international,fodors
380,914,aleck\s barbecue heaven',783 martin luther king jr. dr.,atlanta,404/525-2062,barbecue,fodors
381,915,annie\s thai castle',3195 roswell rd.,atlanta,404/264-9546,asian,fodors
382,916,anthonys,3109 piedmont rd.  just south of peachtree rd.,atlanta,404/262-7379,american,fodors
383,917,atlanta fish market,265 pharr rd.,atlanta,404/262-3165,american,fodors
384,918,beesley\s of buckhead',260 e. paces ferry road,atlanta,404/264-1334,continental,fodors
385,919,bertolini\s',3500 peachtree rd.  phipps plaza,atlanta,404/233-2333,italian,fodors
386,920,bistango,1100 peachtree st.,atlanta,404/724-0901,mediterranean,fodors
387,921,cafe renaissance,7050 jimmy carter blvd.  norcross,atlanta,770/441--0291,american,fodors
388,922,camille\s',1186 n. highland ave.,atlanta,404/872-7203,italian,fodors
389,923,cassis,3300 peachtree rd.  grand hyatt,atlanta,404/365-8100,mediterranean,fodors
390,924,city grill,50 hurt plaza,atlanta,404/524-2489,international,fodors
391,925,coco loco,40  buckhead crossing mall on the sidney marcus blvd.,atlanta,404/364-0212,caribbean,fodors
392,926,colonnade restaurant,1879 cheshire bridge rd.,atlanta,404/874-5642,southern,fodors
393,927,dante\s down the hatch  buckhead',3380 peachtree rd.,atlanta,404/266-1600,continental,fodors
394,928,dante\s down the hatch',underground underground mall  underground atlanta,atlanta,404/577-1800,continental,fodors
395,929,fat matt\s rib shack',1811 piedmont ave.  near cheshire bridge rd.,atlanta,404/607-1622,barbecue,fodors
396,930,french quarter food shop,923 peachtree st.  at 8th st.,atlanta,404/875-2489,southern,fodors
397,931,holt bros. bar-b-q,6359 jimmy carter blvd.  at buford hwy.  norcross,atlanta,770/242-3984,barbecue,fodors
398,932,horseradish grill,4320 powers ferry rd.,atlanta,404/255-7277,southern,fodors
399,933,hsu\s gourmet',192 peachtree center ave.  at international blvd.,atlanta,404/659-2788,asian,fodors
400,934,imperial fez,2285 peachtree rd.  peachtree battle condominium,atlanta,404/351-0870,mediterranean,fodors
401,935,kamogawa,3300 peachtree rd.  grand hyatt,atlanta,404/841-0314,asian,fodors
402,936,la grotta at ravinia dunwoody rd.,holiday inn/crowne plaza at ravinia  dunwoody,atlanta,770/395-9925,italian,fodors
403,937,little szechuan,c buford hwy.  northwoods plaza  doraville,atlanta,770/451-0192,asian,fodors
404,938,lowcountry barbecue,6301 roswell rd.  sandy springs plaza  sandy springs,atlanta,404/255-5160,barbecue,fodors
405,939,luna si,1931 peachtree rd.,atlanta,404/355-5993,continental,fodors
406,940,mambo restaurante cubano,1402 n. highland ave.,atlanta,404/874-2626,caribbean,fodors
407,941,mckinnon\s louisiane',3209 maple dr.,atlanta,404/237-1313,southern,fodors
408,942,mi spia dunwoody rd.,park place  across from perimeter mall  dunwoody,atlanta,770/393-1333,italian,fodors
409,943,nickiemoto\s: a sushi bar',247 buckhead ave.  east village sq.,atlanta,404/842-0334,fusion,fodors
410,944,palisades,1829 peachtree rd.,atlanta,404/350-6755,continental,fodors
411,945,pleasant peasant,555 peachtree st.  at linden ave.,atlanta,404/874-3223,american,fodors
412,946,pricci,500 pharr rd.,atlanta,404/237-2941,italian,fodors
413,947,r.j.\s uptown kitchen & wine bar',870 n. highland ave.,atlanta,404/875-7775,american,fodors
414,948,rib ranch,25 irby ave.,atlanta,404/233-7644,barbecue,fodors
415,949,sa tsu ki,3043 buford hwy.,atlanta,404/325-5285,asian,fodors
416,950,sato sushi and thai,6050 peachtree pkwy.  norcross,atlanta,770/449-0033,asian,fodors
417,951,south city kitchen,1144 crescent ave.,atlanta,404/873-7358,southern,fodors
418,952,south of france,2345 cheshire bridge rd.,atlanta,404/325-6963,french,fodors
419,953,stringer\s fish camp and oyster bar',3384 shallowford rd.  chamblee,atlanta,770/458-7145,southern,fodors
420,954,sundown cafe,2165 cheshire bridge rd.,atlanta,404/321-1118,american,fodors
421,955,taste of new orleans,889 w. peachtree st.,atlanta,404/874-5535,southern,fodors
422,956,tomtom,3393 peachtree rd.,atlanta,404/264-1163,continental,fodors
423,957,antonio\s',3700 w. flamingo,las vegas,702/252-7737,italian,fodors
424,958,bally\s big kitchen',3645 las vegas blvd. s,las vegas,702/739-4111,buffets,fodors
425,959,bamboo garden,4850 flamingo rd.,las vegas,702/871-3262,asian,fodors
426,960,battista\s hole in the wall',4041 audrie st. at flamingo rd.,las vegas,702/732-1424,italian,fodors
427,961,bertolini\s',3570 las vegas blvd. s,las vegas,702/735-4663,italian,fodors
428,962,binion\s coffee shop',128 fremont st.,las vegas,702/382-1600,coffee shops/diners,fodors
429,963,bistro,3400 las vegas blvd. s,las vegas,702/791-7111,continental,fodors
430,964,broiler,4111 boulder hwy.,las vegas,702/432-7777,american,fodors
431,965,bugsy\s diner',3555 las vegas blvd. s,las vegas,702/733-3111,coffee shops/diners,fodors
432,966,cafe michelle,1350 e. flamingo rd.,las vegas,702/735-8686,american,fodors
433,967,cafe roma,3570 las vegas blvd. s,las vegas,702/731-7547,coffee shops/diners,fodors
434,968,capozzoli\s',3333 s. maryland pkwy.,las vegas,702/731-5311,italian,fodors
435,969,carnival world,3700 w. flamingo rd.,las vegas,702/252-7777,buffets,fodors
436,970,center stage plaza hotel,1 main st.,las vegas,702/386-2512,american,fodors
437,971,circus circus,2880 las vegas blvd. s,las vegas,702/734-0410,buffets,fodors
438,972,empress court,3570 las vegas blvd. s,las vegas,702/731-7888,asian,fodors
439,973,feast,2411 w. sahara ave.,las vegas,702/367-2411,buffets,fodors
440,974,golden nugget hotel,129 e. fremont st.,las vegas,702/385-7111,buffets,fodors
441,975,golden steer,308 w. sahara ave.,las vegas,702/384-4470,steak houses,fodors
442,976,lillie langtry\s',129 e. fremont st.,las vegas,702/385-7111,asian,fodors
443,977,mandarin court,1510 e. flamingo rd.,las vegas,702/737-1234,asian,fodors
444,978,margarita\s mexican cantina',3120 las vegas blvd. s,las vegas,702/794-8200,mexican,fodors
445,979,mary\s diner',5111 w. boulder hwy.,las vegas,702/454-8073,coffee shops/diners,fodors
446,980,mikado,3400 las vegas blvd. s,las vegas,702/791-7111,asian,fodors
447,981,pamplemousse,400 e. sahara ave.,las vegas,702/733-2066,continental,fodors
448,982,ralph\s diner',3000 las vegas blvd. s,las vegas,702/732-6330,coffee shops/diners,fodors
449,983,the bacchanal,3570 las vegas blvd. s,las vegas,702/731-7525,only in las vegas,fodors
450,984,venetian,3713 w. sahara ave.,las vegas,702/876-4190,italian,fodors
451,985,viva mercado\s',6182 w. flamingo rd.,las vegas,702/871-8826,mexican,fodors
452,986,yolie\s',3900 paradise rd.,las vegas,702/794-0700,steak houses,fodors
453,987,2223,2223 market st.,san francisco,415/431-0692,american,fodors
454,988,acquarello,1722 sacramento st.,san francisco,415/567-5432,italian,fodors
455,989,bardelli\s',243 o\farrell st.',san francisco,415/982-0243,old san francisco,fodors
456,990,betelnut,2030 union st.,san francisco,415/929-8855,asian,fodors
457,991,bistro roti,155 steuart st.,san francisco,415/495-6500,french,fodors
458,992,bix,56 gold st.,san francisco,415/433-6300,american,fodors
459,993,bizou,598 fourth st.,san francisco,415/543-2222,french,fodors
460,994,buca giovanni,800 greenwich st.,san francisco,415/776-7766,italian,fodors
461,995,cafe adriano,3347 fillmore st.,san francisco,415/474-4180,italian,fodors
462,996,cafe marimba,2317 chestnut st.,san francisco,415/776-1506,mexican/latin american/spanish,fodors
463,997,california culinary academy,625 polk st.,san francisco,415/771-3500,french,fodors
464,998,capp\s corner',1600 powell st.,san francisco,415/989-2589,italian,fodors
465,999,carta,1772 market st.,san francisco,415/863-3516,american,fodors
466,1000,chevys,4th and howard sts.,san francisco,415/543-8060,mexican/latin american/spanish,fodors
467,1001,cypress club,500 jackson st.,san francisco,415/296-8555,american,fodors
468,1002,des alpes,732 broadway,san francisco,415/788-9900,french,fodors
469,1003,faz,161 sutter st.,san francisco,415/362-0404,greek and middle eastern,fodors
470,1004,fog city diner,1300 battery st.,san francisco,415/982-2000,american,fodors
471,1005,garden court,market and new montgomery sts.,san francisco,415/546-5011,old san francisco,fodors
472,1006,gaylord\s',ghirardelli sq.,san francisco,415/771-8822,asian,fodors
473,1007,grand cafe hotel monaco,501 geary st.,san francisco,415/292-0101,american,fodors
474,1008,greens,bldg. a fort mason,san francisco,415/771-6222,vegetarian,fodors
475,1009,harbor village,4 embarcadero center,san francisco,415/781-8833,asian,fodors
476,1010,"harris\',2100 van ness ave.'",san francisco,415/673-1888,steak houses,476,fodors
477,1011,harry denton\s',161 steuart st.,san francisco,415/882-1333,american,fodors
478,1012,hayes street grill,320 hayes st.,san francisco,415/863-5545,seafood,fodors
479,1013,helmand,430 broadway,san francisco,415/362-0641,greek and middle eastern,fodors
480,1014,hong kong flower lounge,5322 geary blvd.,san francisco,415/668-8998,asian,fodors
481,1015,hong kong villa,2332 clement st.,san francisco,415/752-8833,asian,fodors
482,1016,hyde street bistro,1521 hyde st.,san francisco,415/441-7778,italian,fodors
483,1017,il fornaio levi\s plaza',1265 battery st.,san francisco,415/986-0100,italian,fodors
484,1018,izzy\s steak & chop house',3345 steiner st.,san francisco,415/563-0487,steak houses,fodors
485,1019,jack\s',615 sacramento st.,san francisco,415/986-9854,old san francisco,fodors
486,1020,kabuto sushi,5116 geary blvd.,san francisco,415/752-5652,asian,fodors
487,1021,katia\s',600 5th ave.,san francisco,415/668-9292,,fodors
488,1022,kuleto\s',221 powell st.,san francisco,415/397-7720,italian,fodors
489,1023,kyo-ya. sheraton palace hotel,2 new montgomery st.  at market st.,san francisco,415/546-5000,asian,fodors
490,1024,l\osteria del forno',519 columbus ave.,san francisco,415/982-1124,italian,fodors
491,1025,le central,453 bush st.,san francisco,415/391-2233,french,fodors
492,1026,le soleil,133 clement st.,san francisco,415/668-4848,asian,fodors
493,1027,macarthur park,607 front st.,san francisco,415/398-5700,american,fodors
494,1028,manora,3226 mission st.,san francisco,415/861-6224,asian,fodors
495,1029,maykadeh,470 green st.,san francisco,415/362-8286,greek and middle eastern,fodors
496,1030,mccormick & kuleto\s',ghirardelli sq.,san francisco,415/929-1730,seafood,fodors
497,1031,millennium,246 mcallister st.,san francisco,415/487-9800,vegetarian,fodors
498,1032,moose\s',1652 stockton st.,san francisco,415/989-7800,mediterranean,fodors
499,1033,north india,3131 webster st.,san francisco,415/931-1556,asian,fodors
500,1034,one market,1 market st.,san francisco,415/777-5577,american,fodors
501,1035,oritalia,1915 fillmore st.,san francisco,415/346-1333,italian,fodors
502,1036,pacific pan pacific hotel,500 post st.,san francisco,415/929-2087,french,fodors
503,1037,palio d\asti',640 sacramento st.,san francisco,415/395-9800,italian,fodors
504,1038,pane e vino,3011 steiner st.,san francisco,415/346-2111,italian,fodors
505,1039,pastis,1015 battery st.,san francisco,415/391-2555,french,fodors
506,1040,perry\s',1944 union st.,san francisco,415/922-9022,american,fodors
507,1041,r&g lounge,631 b kearny st.,san francisco,415/982-7877,or 415/982-3811 asian,fodors
508,1042,rubicon,558 sacramento st.,san francisco,415/434-4100,american,fodors
509,1043,rumpus,1 tillman pl.,san francisco,415/421-2300,american,fodors
510,1044,sanppo,1702 post st.,san francisco,415/346-3486,asian,fodors
511,1045,scala\s bistro',432 powell st.,san francisco,415/395-8555,italian,fodors
512,1046,south park cafe,108 south park,san francisco,415/495-7275,french,fodors
513,1047,splendido embarcadero,4,san francisco,415/986-3222,mediterranean,fodors
514,1048,stars,150 redwood alley,san francisco,415/861-7827,american,fodors
515,1049,stars cafe,500 van ness ave.,san francisco,415/861-4344,american,fodors
516,1050,stoyanof\s cafe',1240 9th ave.,san francisco,415/664-3664,greek and middle eastern,fodors
517,1051,straits cafe,3300 geary blvd.,san francisco,415/668-1783,asian,fodors
518,1052,suppenkuche,601 hayes st.,san francisco,415/252-9289,russian/german,fodors
519,1053,tadich grill,240 california st.,san francisco,415/391-2373,seafood,fodors
520,1054,the heights,3235 sacramento st.,san francisco,415/474-8890,french,fodors
521,1055,thepin,298 gough st.,san francisco,415/863-9335,asian,fodors
522,1056,ton kiang,3148 geary blvd.,san francisco,415/752-4440,asian,fodors
523,1057,vertigo,600 montgomery st.,san francisco,415/433-7250,mediterranean,fodors
524,1058,vivande porta via,2125 fillmore st.,san francisco,415/346-4430,italian,fodors
525,1059,vivande ristorante,670 golden gate ave.,san francisco,415/673-9245,italian,fodors
526,1060,world wrapps,2257 chestnut st.,san francisco,415/563-9727,american,fodors
527,1061,wu kong,101 spear st.,san francisco,415/957-9300,asian,fodors
528,1062,yank sing,427 battery st.,san francisco,415/541-4949,asian,fodors
529,1063,yaya cuisine,1220 9th ave.,san francisco,415/566-6966,greek and middle eastern,fodors
530,1064,yoyo tsumami bistro,1611 post st.,san francisco,415/922-7788,french,fodors
531,1065,zarzuela,2000 hyde st.,san francisco,415/346-0800,mexican/latin american/spanish,fodors
532,1066,zuni cafe & grill,1658 market st.,san francisco,415/552-2522,mediterranean,fodors
0,1,apple pan  the,10801 w. pico blvd.,west la,310-475-3585,american,zagats
1,2,asahi ramen,2027 sawtelle blvd.,west la,310-479-2231,noodle shops,zagats
2,3,baja fresh,3345 kimber dr.,westlake village,805-498-4049,mexican,zagats
3,4,belvedere  the,9882 little santa monica blvd.,beverly hills,310-788-2306,pacific new wave,zagats
4,5,benita\s frites',1433 third st. promenade,santa monica,310-458-2889,fast food,zagats
5,6,bernard\s',515 s. olive st.,los angeles,213-612-1580,continental,zagats
6,7,bistro 45,45 s. mentor ave.,pasadena,818-795-2478,californian,zagats
7,8,brent\s deli',19565 parthenia ave.,northridge,818-886-5679,delis,zagats
8,9,brighton coffee shop,9600 brighton way,beverly hills,310-276-7732,coffee shops,zagats
9,10,bristol farms market cafe,1570 rosecrans ave. s.,pasadena,310-643-5229,californian,zagats
10,11,bruno\s',3838 centinela ave.,mar vista,310-397-5703,italian,zagats
11,12,cafe \50s',838 lincoln blvd.,venice,310-399-1955,american,zagats
12,13,cafe blanc,9777 little santa monica blvd.,beverly hills,310-888-0108,pacific new wave,zagats
13,14,cassell\s',3266 w. sixth st.,la,213-480-8668,hamburgers,zagats
14,15,chez melange,1716 pch,redondo beach,310-540-1222,eclectic,zagats
15,16,diaghilev,1020 n. san vicente blvd.,w. hollywood,310-854-1111,russian,zagats
16,17,don antonio\s',1136 westwood blvd.,westwood,310-209-1422,italian,zagats
17,18,duke\s',8909 sunset blvd.,w. hollywood,310-652-3100,coffee shops,zagats
18,19,falafel king,1059 broxton ave.,westwood,310-208-4444,middle eastern,zagats
19,20,feast from the east,1949 westwood blvd.,west la,310-475-0400,chinese,zagats
20,21,gumbo pot  the,6333 w. third st.,la,213-933-0358,cajun/creole,zagats
21,22,hollywood hills coffee shop,6145 franklin ave.,hollywood,213-467-7678,coffee shops,zagats
22,23,indo cafe,10428 1/2 national blvd.,la,310-815-1290,indonesian,zagats
23,24,jan\s family restaurant',8424 beverly blvd.,la,213-651-2866,coffee shops,zagats
24,25,jiraffe,502 santa monica blvd,santa monica,310-917-6671,californian,zagats
25,26,jody maroni\s sausage kingdom',2011 ocean front walk,venice,310-306-1995,hot dogs,zagats
26,27,joe\s',1023 abbot kinney blvd.,venice,310-399-5811,american (new),zagats
27,28,john o\groats',10516 w. pico blvd.,west la,310-204-0692,coffee shops,zagats
28,29,johnnie\s pastrami',4017 s. sepulveda blvd.,culver city,310-397-6654,delis,zagats
29,30,johnny reb\s southern smokehouse',4663 long beach blvd.,long beach,310-423-7327,southern/soul,zagats
30,31,johnny rockets (la),7507 melrose ave.,la,213-651-3361,american,zagats
31,32,killer shrimp,4000 colfax ave.,studio city,818-508-1570,seafood,zagats
32,33,kokomo cafe,6333 w. third st.,la,213-933-0773,american,zagats
33,34,koo koo roo,8393 w. beverly blvd.,la,213-655-9045,chicken,zagats
34,35,la cachette,10506 little santa monica blvd.,century city,310-470-4992,french (new),zagats
35,36,la salsa (la),22800 pch,malibu,310-456-6299,mexican,zagats
36,37,la serenata de garibaldi,1842 e. first,st. boyle hts.,213-265-2887,mexican/tex-mex,zagats
37,38,langer\s',704 s. alvarado st.,la,213-483-8050,delis,zagats
38,39,local nochol,30869 thousand oaks blvd.,westlake village,818-706-7706,health food,zagats
39,40,main course  the,10509 w. pico blvd.,rancho park,310-475-7564,american,zagats
40,41,mani\s bakery & espresso bar',519 s. fairfax ave.,la,213-938-8800,desserts,zagats
41,42,martha\s',22nd street grill 25 22nd,st. hermosa beach,310-376-7786,american,zagats
42,43,maxwell\s cafe',13329 washington blvd.,marina del rey,310-306-7829,american,zagats
43,44,michael\s (los angeles)',1147 third st.,santa monica,310-451-0843,californian,zagats
44,45,mishima,8474 w. third st.,la,213-782-0181,noodle shops,zagats
45,46,mo better meatty meat,7261 melrose ave.,la,213-935-5280,hamburgers,zagats
46,47,mulberry st.,17040 ventura blvd.,encino,818-906-8881,pizza,zagats
47,48,ocean park cafe,3117 ocean park blvd.,santa monica,310-452-5728,american,zagats
48,49,ocean star,145 n. atlantic blvd.,monterey park,818-308-2128,seafood,zagats
49,50,original pantry bakery,875 s. figueroa st. downtown,la,213-627-6879,diners,zagats
50,51,parkway grill,510 s. arroyo pkwy.,pasadena,818-795-1001,californian,zagats
51,52,pho hoa,642 broadway,chinatown,213-626-5530,vietnamese,zagats
52,53,pink\s famous chili dogs',709 n. la brea ave.,la,213-931-4223,hot dogs,zagats
53,54,poquito mas,2635 w. olive ave.,burbank,818-563-2252,mexican,zagats
54,55,r-23,923 e. third st.,los angeles,213-687-7178,japanese,zagats
55,56,rae\s',2901 pico blvd.,santa monica,310-828-7937,diners,zagats
56,57,rubin\s red hots',15322 ventura blvd.,encino,818-905-6515,hot dogs,zagats
57,58,ruby\s (la)',45 s. fair oaks ave.,pasadena,818-796-7829,diners,zagats
58,59,russell\s burgers',1198 pch,seal beach,310-596-9556,hamburgers,zagats
59,60,ruth\s chris steak house (los angeles)',224 s. beverly dr.,beverly hills,310-859-8744,steakhouses,zagats
60,61,shiro,1505 mission st. s.,pasadena,818-799-4774,pacific new wave,zagats
61,62,sushi nozawa,11288 ventura blvd.,studio city,818-508-7017,japanese,zagats
62,63,sweet lady jane,8360 melrose ave.,la,213-653-7145,desserts,zagats
63,64,taiko,11677 san vicente blvd.,brentwood,310-207-7782,noodle shops,zagats
64,65,tommy\s',2575 beverly blvd.,la,213-389-9060,hamburgers,zagats
65,66,uncle bill\s pancake house',1305 highland ave.,manhattan beach,310-545-5177,diners,zagats
66,67,water grill,544 s. grand ave.,los angeles,213-891-0900,seafood,zagats
67,68,zankou chicken,1415 e. colorado st.,glendale,818-244-1937,middle eastern,zagats
68,69,afghan kebab house,764 ninth ave.,new york city,212-307-1612,afghan,zagats
69,70,arcadia,21 e. 62nd st.,new york city,212-223-2900,american (new),zagats
70,71,benny\s burritos',93 ave. a,new york city,212-254-2054,mexican,zagats
71,72,cafe con leche,424 amsterdam ave.,new york city,212-595-7000,cuban,zagats
72,73,corner bistro,331 w. fourth st.,new york city,212-242-9502,hamburgers,zagats
73,74,cucina della fontana,368 bleecker st.,new york city,212-242-0636,italian,zagats
74,75,cucina di pesce,87 e. fourth st.,new york city,212-260-6800,seafood,zagats
75,76,darbar,44 w. 56th st.,new york city,212-432-7227,indian,zagats
76,77,ej\s luncheonette',432 sixth ave.,new york city,212-473-5555,diners,zagats
77,78,edison cafe,228 w. 47th st.,new york city,212-840-5000,diners,zagats
78,79,elias corner,24-02 31st st.,queens,718-932-1510,greek,zagats
79,80,good enough to eat,483 amsterdam ave.,new york city,212-496-0163,american,zagats
80,81,gray\s papaya',2090 broadway,new york city,212-799-0243,hot dogs,zagats
81,82,il mulino,86 w. third st.,new york city,212-673-3783,italian,zagats
82,83,jackson diner,37-03 74th st.,queens,718-672-1232,indian,zagats
83,84,joe\s shanghai',9 pell st.,queens,718-539-3838,chinese,zagats
84,85,john\s pizzeria',48 w. 65th st.,new york city,212-721-7001,pizza,zagats
85,86,kelley & ping,127 greene st.,new york city,212-228-1212,pan-asian,zagats
86,87,kiev,117 second ave.,new york city,212-674-4040,ukrainian,zagats
87,88,kuruma zushi,2nd fl.,new york city,212-317-2802,japanese,zagats
88,89,la caridad,2199 broadway,new york city,212-874-2780,cuban,zagats
89,90,la grenouille,3 e. 52nd st.,new york city,212-752-1495,french (classic),zagats
90,91,lemongrass grill,61a seventh ave.,brooklyn,718-399-7100,thai,zagats
91,92,lombardi\s',32 spring st.,new york city,212-941-7994,pizza,zagats
92,93,marnie\s noodle shop',466 hudson st.,new york city,212-741-3214,asian,zagats
93,94,menchanko-tei,39 w. 55th st.,new york city,212-247-1585,japanese,zagats
94,95,mitali east-west,296 bleecker st.,new york city,212-989-1367,indian,zagats
95,96,monsoon (ny),435 amsterdam ave.,new york city,212-580-8686,thai,zagats
96,97,moustache,405 atlantic ave.,brooklyn,718-852-5555,middle eastern,zagats
97,98,nobu,105 hudson st.,new york city,212-219-0500,japanese,zagats
98,99,one if by land  tibs,17 barrow st.,new york city,212-228-0822,continental,zagats
99,100,oyster bar,lower level,new york city,212-490-6650,seafood,zagats
100,101,palm,837 second ave.,new york city,212-687-2953,steakhouses,zagats
101,102,palm too,840 second ave.,new york city,212-697-5198,steakhouses,zagats
102,103,patsy\s pizza',19 old fulton st.,brooklyn,718-858-4300,pizza,zagats
103,104,peter luger steak house,178 broadway,brooklyn,718-387-7400,steakhouses,zagats
104,105,rose of india,308 e. sixth st.,new york city,212-533-5011,indian,zagats
105,106,sam\s noodle shop',411 third ave.,new york city,212-213-2288,chinese,zagats
106,107,sarabeth\s',1295 madison ave.,new york city,212-410-7335,american,zagats
107,108,sparks steak house,210 e. 46th st.,new york city,212-687-4855,steakhouses,zagats
108,109,stick to your ribs,5-16 51st ave.,queens,718-937-3030,bbq,zagats
109,110,sushisay,38 e. 51st st.,new york city,212-755-1780,japanese,zagats
110,111,sylvia\s',328 lenox ave.,new york city,212-996-0660,southern/soul,zagats
111,112,szechuan hunan cottage,1588 york ave.,new york city,212-535-5223,chinese,zagats
112,113,szechuan kitchen,1460 first ave.,new york city,212-249-4615,chinese,zagats
113,114,teresa\s',80 montague st.,queens,718-520-2910,polish,zagats
114,115,thai house cafe,151 hudson st.,new york city,212-334-1085,thai,zagats
115,116,thailand restaurant,106 bayard st.,new york city,212-349-3132,thai,zagats
116,117,veselka,144 second ave.,new york city,212-228-9682,ukrainian,zagats
117,118,westside cottage,689 ninth ave.,new york city,212-245-0800,chinese,zagats
118,119,windows on the world,107th fl.,new york city,212-524-7000,eclectic,zagats
119,120,wollensky\s grill',205 e. 49th st.,new york city,212-753-0444,steakhouses,zagats
120,121,yama,122 e. 17th st.,new york city,212-475-0969,japanese,zagats
121,122,zarela,953 second ave.,new york city,212-644-6740,mexican,zagats
122,123,andre\s french restaurant',401 s. 6th st.,las vegas,702-385-5016,french (classic),zagats
123,124,buccaneer bay club,3300 las vegas blvd. s.,las vegas,702-894-7350,continental,zagats
124,125,buzio\s in the rio',3700 w. flamingo rd.,las vegas,702-252-7697,seafood,zagats
125,126,emeril\s new orleans fish house',3799 las vegas blvd. s.,las vegas,702-891-7374,seafood,zagats
126,127,fiore rotisserie & grille,3700 w. flamingo rd.,las vegas,702-252-7702,italian,zagats
127,128,hugo\s cellar',202 e. fremont st.,las vegas,702-385-4011,continental,zagats
128,129,madame ching\s',3300 las vegas blvd. s.,las vegas,702-894-7111,asian,zagats
129,130,mayflower cuisinier,4750 w. sahara ave.,las vegas,702-870-8432,chinese,zagats
130,131,michael\s (las vegas)',3595 las vegas blvd. s.,las vegas,702-737-7111,continental,zagats
131,132,monte carlo,3145 las vegas blvd. s.,las vegas,702-733-4524,french (new),zagats
132,133,moongate,3400 las vegas blvd. s.,las vegas,702-791-7352,chinese,zagats
133,134,morton\s of chicago (las vegas)',3200 las vegas blvd. s.,las vegas,702-893-0703,steakhouses,zagats
134,135,nicky blair\s',3925 paradise rd.,las vegas,702-792-9900,italian,zagats
135,136,piero\s restaurant',355 convention center dr.,las vegas,702-369-2305,italian,zagats
136,137,spago (las vegas),3500 las vegas blvd. s.,las vegas,702-369-6300,californian,zagats
137,138,steakhouse  the,128 e. fremont st.,las vegas,702-382-1600,steakhouses,zagats
138,139,stefano\s',129 fremont st.,las vegas,702-385-7111,italian,zagats
139,140,sterling brunch,3645 las vegas blvd. s.,las vegas,702-739-4651,eclectic,zagats
140,141,tre visi,3799 las vegas blvd. s.,las vegas,702-891-7331,italian,zagats
141,142,103 west,103 w. paces ferry rd.,atlanta,404-233-5993,continental,zagats
142,143,alon\s at the terrace',659 peachtree st.,atlanta,404-724-0444,sandwiches,zagats
143,144,baker\s cajun cafe',1134 euclid ave.,atlanta,404-223-5039,cajun/creole,zagats
144,145,barbecue kitchen,1437 virginia ave.,atlanta,404-766-9906,bbq,zagats
145,146,bistro  the,56 e. andrews dr. nw,atlanta,404-231-5733,french bistro,zagats
146,147,bobby & june\s kountry kitchen',375 14th st.,atlanta,404-876-3872,southern/soul,zagats
147,148,bradshaw\s restaurant',2911 s. pharr court,atlanta,404-261-7015,southern/soul,zagats
148,149,brookhaven cafe,4274 peachtree rd.,atlanta,404-231-5907,vegetarian,zagats
149,150,cafe sunflower,5975 roswell rd.,atlanta,404-256-1675,health food,zagats
150,151,canoe,4199 paces ferry rd.,atlanta,770-432-2663,american (new),zagats
151,152,carey\s',1021 cobb pkwy. se,marietta,770-422-8042,hamburgers,zagats
152,153,carey\s corner',1215 powers ferry rd.,marietta,770-933-0909,hamburgers,zagats
153,154,chops,70 w. paces ferry rd.,atlanta,404-262-2675,steakhouses,zagats
154,155,chopstix,4279 roswell rd.,atlanta,404-255-4868,chinese,zagats
155,156,deacon burton\s soulfood restaurant',1029 edgewood ave. se,atlanta,404-523-1929,southern/soul,zagats
156,157,eats,600 ponce de leon ave.,atlanta,404-888-9149,italian,zagats
157,158,flying biscuit  the,1655 mclendon ave.,atlanta,404-687-8888,eclectic,zagats
158,159,frijoleros,1031 peachtree st. ne,atlanta,404-892-8226,tex-mex,zagats
159,160,greenwood\s',1087 green st.,roswell,770-992-5383,southern/soul,zagats
160,161,harold\s barbecue',171 mcdonough blvd.,atlanta,404-627-9268,bbq,zagats
161,162,havana sandwich shop,2905 buford hwy.,atlanta,404-636-4094,cuban,zagats
162,163,house of chan,2469 cobb pkwy.,smyrna,770-955-9444,chinese,zagats
163,164,indian delights,3675 satellite blvd.,duluth,100-813-8212,indian,zagats
164,165,java jive,790 ponce de leon ave.,atlanta,404-876-6161,coffee shops,zagats
165,166,johnny rockets (at),2970 cobb pkwy.,atlanta,770-955-6068,american,zagats
166,167,kalo\s coffee house',1248 clairmont rd.,decatur,404-325-3733,coffeehouses,zagats
167,168,la fonda latina,4427 roswell rd.,atlanta,404-303-8201,spanish,zagats
168,169,lettuce souprise you (at),3525 mall blvd.,duluth,770-418-9969,cafeterias,zagats
169,170,majestic,1031 ponce de leon ave.,atlanta,404-875-0276,diners,zagats
170,171,morton\s of chicago (atlanta)',303 peachtree st. ne,atlanta,404-577-4366,steakhouses,zagats
171,172,my thai,1248 clairmont rd.,atlanta,404-636-4280,thai,zagats
172,173,nava,3060 peachtree rd.,atlanta,404-240-1984,southwestern,zagats
173,174,nuevo laredo cantina,1495 chattahoochee ave. nw,atlanta,404-352-9009,mexican,zagats
174,175,original pancake house (at),4330 peachtree rd.,atlanta,404-237-4116,american,zagats
175,176,palm  the (atlanta),3391 peachtree rd. ne,atlanta,404-814-1955,steakhouses,zagats
176,177,rainbow restaurant,2118 n. decatur rd.,decatur,404-633-3538,vegetarian,zagats
177,178,riviera,519 e. paces ferry rd.,atlanta,404-262-7112,mediterranean,zagats
178,179,silver skillet  the,200 14th st. nw,atlanta,404-874-1388,coffee shops,zagats
179,180,soto,3330 piedmont rd.,atlanta,404-233-2005,japanese,zagats
180,181,thelma\s kitchen',764 marietta st. nw,atlanta,404-688-5855,cafeterias,zagats
181,182,tortillas,774 ponce de leon ave. ne,atlanta,404-892-0193,tex-mex,zagats
182,183,van gogh\s restaurant & bar',70 w. crossville rd.,roswell,770-993-1156,american (new),zagats
183,184,veggieland,220 sandy springs circle,atlanta,404-231-3111,vegetarian,zagats
184,185,white house restaurant,3172 peachtree rd. ne,atlanta,404-237-7601,diners,zagats
185,186,zab-e-lee,4837 old national hwy.,college park,404-768-2705,thai,zagats
186,187,bill\s place',2315 clement st.,san francisco,415-221-5262,hamburgers,zagats
187,188,cafe flore,2298 market st.,san francisco,415-621-8579,californian,zagats
188,189,caffe greco,423 columbus ave.,san francisco,415-397-6261,continental,zagats
189,190,campo santo,240 columbus ave.,san francisco,415-433-9623,mexican,zagats
190,191,cha cha cha\s',1805 haight st.,san francisco,415-386-5758,caribbean,zagats
191,192,doidge\s',2217 union st.,san francisco,415-921-2149,american,zagats
192,193,dottie\s true blue cafe',522 jones st.,san francisco,415-885-2767,diners,zagats
193,194,dusit thai,3221 mission st.,san francisco,415-826-4639,thai,zagats
194,195,ebisu,1283 ninth ave.,san francisco,415-566-1770,japanese,zagats
195,196,emerald garden restaurant,1550 california st.,san francisco,415-673-1155,vietnamese,zagats
196,197,eric\s chinese restaurant',1500 church st.,san francisco,415-282-0919,chinese,zagats
197,198,hamburger mary\s',1582 folsom st.,san francisco,415-626-1985,hamburgers,zagats
198,199,kelly\s on trinity',333 bush st.,san francisco,415-362-4454,californian,zagats
199,200,la cumbre,515 valencia st.,san francisco,415-863-8205,mexican,zagats
200,201,la mediterranee,288 noe st.,san francisco,415-431-7210,mediterranean,zagats
201,202,la taqueria,2889 mission st.,san francisco,415-285-7117,mexican,zagats
202,203,mario\s bohemian cigar store cafe',2209 polk st.,san francisco,415-776-8226,italian,zagats
203,204,marnee thai,2225 irving st.,san francisco,415-665-9500,thai,zagats
204,205,mel\s drive-in',3355 geary st.,san francisco,415-387-2244,hamburgers,zagats
205,206,mo\s burgers',1322 grant st.,san francisco,415-788-3779,hamburgers,zagats
206,207,phnom penh cambodian restaurant,631 larkin st.,san francisco,415-775-5979,cambodian,zagats
207,208,roosevelt tamale parlor,2817 24th st.,san francisco,415-550-9213,mexican,zagats
208,209,sally\s cafe & bakery',300 de haro st.,san francisco,415-626-6006,american,zagats
209,210,san francisco bbq,1328 18th st.,san francisco,415-431-8956,thai,zagats
210,211,slanted door,584 valencia st.,san francisco,415-861-8032,vietnamese,zagats
211,212,swan oyster depot,1517 polk st.,san francisco,415-673-1101,seafood,zagats
212,213,thep phanom,400 waller st.,san francisco,415-431-2526,thai,zagats
213,214,ti couz,3108 16th st.,san francisco,415-252-7373,french,zagats
214,215,trio cafe,1870 fillmore st.,san francisco,415-563-2248,american,zagats
215,216,tu lan,8 sixth st.,san francisco,415-626-0927,vietnamese,zagats
216,217,vicolo pizzeria,201 ivy st.,san francisco,415-863-2382,pizza,zagats
217,218,wa-ha-ka oaxaca mexican grill,2141 polk st.,san francisco,415-775-1055,mexican,zagats
218,219,arnie morton\s of chicago',435 s. la cienega blvd.,los angeles,310-246-1501,steakhouses,zagats
219,220,art\s deli',12224 ventura blvd.,studio city,818-762-1221,delis,zagats
220,221,bel-air hotel,701 stone canyon rd.,bel air,310-472-1211,californian,zagats
221,222,cafe bizou,14016 ventura blvd.,sherman oaks,818-788-3536,french bistro,zagats
222,223,campanile,624 s. la brea ave.,los angeles,213-938-1447,californian,zagats
223,224,chinois on main,2709 main st.,santa monica,310-392-9025,pacific new wave,zagats
224,225,citrus,6703 melrose ave.,los angeles,213-857-0034,californian,zagats
225,226,fenix at the argyle,8358 sunset blvd.,w. hollywood,213-848-6677,french (new),zagats
226,227,granita,23725 w. malibu rd.,malibu,310-456-0488,californian,zagats
227,228,grill  the,9560 dayton way,beverly hills,310-276-0615,american (traditional),zagats
228,229,katsu,1972 hillhurst ave.,los feliz,213-665-1891,japanese,zagats
229,230,l\orangerie',903 n. la cienega blvd.,w. hollywood,310-652-9770,french (classic),zagats
230,231,le chardonnay (los angeles),8284 melrose ave.,los angeles,213-655-8880,french bistro,zagats
231,232,locanda veneta,8638 w. third st.,los angeles,310-274-1893,italian,zagats
232,233,matsuhisa,129 n. la cienega blvd.,beverly hills,310-659-9639,seafood,zagats
233,234,palm  the (los angeles),9001 santa monica blvd.,w. hollywood,310-550-8811,steakhouses,zagats
234,235,patina,5955 melrose ave.,los angeles,213-467-1108,californian,zagats
235,236,philippe the original,1001 n. alameda st.,chinatown,213-628-3781,cafeterias,zagats
236,237,pinot bistro,12969 ventura blvd.,studio city,818-990-0500,french bistro,zagats
237,238,rex il ristorante,617 s. olive st.,los angeles,213-627-2300,nuova cucina italian,zagats
238,239,spago (los angeles),8795 sunset blvd.,w. hollywood,310-652-4025,californian,zagats
239,240,valentino,3115 pico blvd.,santa monica,310-829-4313,italian,zagats
240,241,yujean kang\s',67 n. raymond ave.,pasadena,818-585-0855,chinese,zagats
241,242,21 club,21 w. 52nd st.,new york city,212-582-7200,american (new),zagats
242,243,aquavit,13 w. 54th st.,new york city,212-307-7311,scandinavian,zagats
243,244,aureole,34 e. 61st st.,new york city,212-319-1660,american (new),zagats
244,245,cafe lalo,201 w. 83rd st.,new york city,212-496-6031,coffeehouses,zagats
245,246,cafe des artistes,1 w. 67th st.,new york city,212-877-3500,french (classic),zagats
246,247,carmine\s',2450 broadway,new york city,212-362-2200,italian,zagats
247,248,carnegie deli,854 seventh ave.,new york city,212-757-2245,delis,zagats
248,249,chanterelle,2 harrison st.,new york city,212-966-6960,french (new),zagats
249,250,daniel,20 e. 76th st.,new york city,212-288-0033,french (new),zagats
250,251,dawat,210 e. 58th st.,new york city,212-355-7555,indian,zagats
251,252,felidia,243 e. 58th st.,new york city,212-758-1479,italian,zagats
252,253,four seasons,99 e. 52nd st.,new york city,212-754-9494,american (new),zagats
253,254,gotham bar & grill,12 e. 12th st.,new york city,212-620-4020,american (new),zagats
254,255,gramercy tavern,42 e. 20th st.,new york city,212-477-0777,american (new),zagats
255,256,island spice,402 w. 44th st.,new york city,212-765-1737,caribbean,zagats
256,257,jo jo,160 e. 64th st.,new york city,212-223-5656,french bistro,zagats
257,258,la caravelle,33 w. 55th st.,new york city,212-586-4252,french (classic),zagats
258,259,la cote basque,60 w. 55th st.,new york city,212-688-6525,french (classic),zagats
259,260,le bernardin,155 w. 51st st.,new york city,212-489-1515,seafood,zagats
260,261,les celebrites,155 w. 58th st.,new york city,212-484-5113,french (classic),zagats
261,262,lespinasse (new york city),2 e. 55th st.,new york city,212-339-6719,asian,zagats
262,263,lutece,249 e. 50th st.,new york city,212-752-2225,french (classic),zagats
263,264,manhattan ocean club,57 w. 58th st.,new york city,212-371-7777,seafood,zagats
264,265,march,405 e. 58th st.,new york city,212-754-6272,american (new),zagats
265,266,mesa grill,102 fifth ave.,new york city,212-807-7400,southwestern,zagats
266,267,mi cocina,57 jane st.,new york city,212-627-8273,mexican,zagats
267,268,montrachet,239 w. broadway,new york city,212-219-2777,french bistro,zagats
268,269,oceana,55 e. 54th st.,new york city,212-759-5941,seafood,zagats
269,270,park avenue cafe (new york city),100 e. 63rd st.,new york city,212-644-1900,american (new),zagats
270,271,petrossian,182 w. 58th st.,new york city,212-245-2214,russian,zagats
271,272,picholine,35 w. 64th st.,new york city,212-724-8585,mediterranean,zagats
272,273,pisces,95 ave. a,new york city,212-260-6660,seafood,zagats
273,274,rainbow room,30 rockefeller plaza,new york city,212-632-5000,american (new),zagats
274,275,river cafe,1 water st.,brooklyn,718-522-5200,american (new),zagats
275,276,san domenico,240 central park s.,new york city,212-265-5959,italian,zagats
276,277,second avenue deli,156 second ave.,new york city,212-677-0606,delis,zagats
277,278,seryna,11 e. 53rd st.,new york city,212-980-9393,japanese,zagats
278,279,shun lee palace,155 e. 55th st.,new york city,212-371-8844,chinese,zagats
279,280,sign of the dove,1110 third ave.,new york city,212-861-8080,american (new),zagats
280,281,smith & wollensky,797 third ave.,new york city,212-753-1530,steakhouses,zagats
281,282,tavern on the green,central park west,new york city,212-873-3200,american (new),zagats
282,283,uncle nick\s',747 ninth ave.,new york city,212-245-7992,greek,zagats
283,284,union square cafe,21 e. 16th st.,new york city,212-243-4020,american (new),zagats
284,285,virgil\s real bbq',152 w. 44th st.,new york city,212-921-9494,bbq,zagats
285,286,chin\s',3200 las vegas blvd. s.,las vegas,702-733-8899,chinese,zagats
286,287,coyote cafe (las vegas),3799 las vegas blvd. s.,las vegas,702-891-7349,southwestern,zagats
287,288,le montrachet bistro,3000 paradise rd.,las vegas,702-732-5651,french bistro,zagats
288,289,palace court,3570 las vegas blvd. s.,las vegas,702-731-7110,french (new),zagats
289,290,second street grill,200 e. fremont st.,las vegas,702-385-6277,pacific rim,zagats
290,291,steak house  the,2880 las vegas blvd. s.,las vegas,702-734-0410,steakhouses,zagats
291,292,tillerman  the,2245 e. flamingo rd.,las vegas,702-731-4036,steakhouses,zagats
292,293,abruzzi,2355 peachtree rd. ne,atlanta,404-261-8186,italian,zagats
293,294,bacchanalia,3125 piedmont rd.,atlanta,404-365-0410,californian,zagats
294,295,bone\s restaurant',3130 piedmont rd. ne,atlanta,404-237-2663,steakhouses,zagats
295,296,brasserie le coze,3393 peachtree rd.,atlanta,404-266-1440,french bistro,zagats
296,297,buckhead diner,3073 piedmont rd.,atlanta,404-262-3336,american (new),zagats
297,298,ciboulette restaurant,1529 piedmont ave.,atlanta,404-874-7600,french (new),zagats
298,299,delectables,1 margaret mitchell sq.,atlanta,404-681-2909,cafeterias,zagats
299,300,georgia grille,2290 peachtree rd.,atlanta,404-352-3517,southwestern,zagats
300,301,hedgerose heights inn  the,490 e. paces ferry rd. ne,atlanta,404-233-7673,continental,zagats
301,302,heera of india,595 piedmont ave.,atlanta,404-876-4408,indian,zagats
302,303,indigo coastal grill,1397 n. highland ave.,atlanta,404-876-0676,eclectic,zagats
303,304,la grotta,2637 peachtree rd. ne,atlanta,404-231-1368,italian,zagats
304,305,mary mac\s tea room',224 ponce de leon ave.,atlanta,404-876-1800,southern/soul,zagats
305,306,nikolai\s roof',255 courtland st.,atlanta,404-221-6362,continental,zagats
306,307,pano\s & paul\'s',1232 w. paces ferry rd.,atlanta,404-261-3662,american (new),zagats
307,308,ritz-carlton cafe (buckhead),3434 peachtree rd. ne,atlanta,404-237-2700,american (new),zagats
308,309,ritz-carlton dining room (buckhead),3434 peachtree rd. ne,atlanta,404-237-2700,american (new),zagats
309,310,ritz-carlton restaurant,181 peachtree st.,atlanta,404-659-0400,french (classic),zagats
310,311,toulouse,293-b peachtree rd.,atlanta,404-351-9533,french (new),zagats
311,312,veni vidi vici,41 14th st.,atlanta,404-875-8424,italian,zagats
312,313,alain rondelli,126 clement st.,san francisco,415-387-0408,french (new),zagats
313,314,aqua,252 california st.,san francisco,415-956-9662,american (new),zagats
314,315,boulevard,1 mission st.,san francisco,415-543-6084,american (new),zagats
315,316,cafe claude,7 claude ln.,san francisco,415-392-3505,french bistro,zagats
316,317,campton place,340 stockton st.,san francisco,415-955-5555,american (new),zagats
317,318,chez michel,804 north point st.,san francisco,415-775-7036,californian,zagats
318,319,fleur de lys,777 sutter st.,san francisco,415-673-7779,french (new),zagats
319,320,fringale,570 fourth st.,san francisco,415-543-0573,french bistro,zagats
320,321,hawthorne lane,22 hawthorne st.,san francisco,415-777-9779,californian,zagats
321,322,khan toke thai house,5937 geary blvd.,san francisco,415-668-6654,thai,zagats
322,323,la folie,2316 polk st.,san francisco,415-776-5577,french (new),zagats
323,324,lulu restaurant-bis-cafe,816 folsom st.,san francisco,415-495-5775,mediterranean,zagats
324,325,masa\s',648 bush st.,san francisco,415-989-7154,french (new),zagats
325,326,mifune,1737 post st.,san francisco,415-922-0337,japanese,zagats
326,327,plumpjack cafe,3127 fillmore st.,san francisco,415-563-4755,american (new),zagats
327,328,postrio,545 post st.,san francisco,415-776-7825,californian,zagats
328,329,ritz-carlton dining room (san francisco),600 stockton st.,san francisco,415-296-7465,french (new),zagats
329,330,rose pistola,532 columbus ave.,san francisco,415-399-0499,italian,zagats
330,331,ritz-carlton cafe (atlanta),181 peachtree st.,atlanta,404-659-0400,american (new),zagats
